id,name,description,neighbourhood_cleansed,latitude,longitude,property_type,room_type,accommodates,bathrooms_text,bedrooms,beds,amenities,price,price_quote_checkin_date,price_quote_checkout_date,price_quote_total_price,price_quote_price_per_night,review_scores_rating,review_scores_cleanliness,review_scores_location,review_scores_value,number_of_reviews,nearby_places_count
45855270,Rossio Garden Hotel,"Rossio Garden Hotel is a hotel located in Lisbon Historical Center, a couple of meters from the famous Rossio Square.<br /><br />You will find yourself right in the heart of Lisbon and you will be able to experience all the major city charms by foot.<br /><br />By just walking 2 minutes you can reach all the most known neighborhoods as Baixa, Chiado, Principe Real, Bairro Alto, Avenida da Liberdade, etc...<br /><br />All the famous squares and viewpoints are also right down the corner.",Santa Maria Maior,38.71562,-9.14051,Room in boutique hotel,Private room,2,1 private bath,1.0,1.0,"[""Exterior security cameras on property"", ""TV"", ""Shampoo"", ""Hot water"", ""Building staff"", ""Self check-in"", ""Hair dryer"", ""Carbon monoxide alarm"", ""Wifi"", ""Smoke alarm"", ""Private living room"", ""Essentials"", ""Air conditioning"", ""Hangers""]",$89.00,2026-03-30,2026-03-31,89.0,89.0,4.6,4.78,4.89,4.62,1909,2576
4132059,Lisbon Apt. Sunshine 1,"We offer You  a comfortable renovated 3-bedroom apartment in Bairro Alto, the historical center of Lisbon.",Misericrdia,38.71448,-9.14512,Entire rental unit,Entire home/apt,6,1 bath,3.0,5.0,"[""Hot water"", ""Oven"", ""Hair dryer"", ""Wifi"", ""Kitchen"", ""Smoking allowed"", ""Dishes and silverware"", ""Host greets you"", ""Washer"", ""Shampoo"", ""Microwave"", ""Luggage dropoff allowed"", ""Refrigerator"", ""Essentials"", ""Hangers"", ""Coffee maker"", ""Wine glasses"", ""Heating"", ""Iron"", ""Cooking basics""]",$109.00,2026-04-22,2026-04-23,109.0,109.0,4.78,4.8,4.88,4.78,1321,2680
1085634,Cozy  Flat at Bica/ Bairro Alto,,Misericrdia,38.7096,-9.14628,Entire rental unit,Entire home/apt,4,1 bath,1.0,1.0,"[""Hot water"", ""Oven"", ""Hair dryer"", ""Wifi"", ""Kitchen"", ""Pack \u2019n play/Travel crib"", ""Dishes and silverware"", ""Stove"", ""Host greets you"", ""Washer"", ""First aid kit"", ""TV with standard cable"", ""Private entrance"", ""Shampoo"", ""Microwave"", ""Luggage dropoff allowed"", ""Refrigerator"", ""Essentials"", ""Hangers"", ""Coffee maker"", ""Pets allowed"", ""Crib"", ""Heating"", ""Iron"", ""High chair"", ""Long term stays allowed"", ""Cooking basics""]",$97.00,2026-04-01,2026-04-02,97.0,97.0,4.84,4.83,4.93,4.84,1166,2371
19171082,Bairro Alto Suites,"Bairro Alto Suites is located in Lisbon Historical Center, in a very calm area of the famous Bairro Alto Neighborhood. Walk out the door and you will find yourself right in the heart of Lisbon. You will be able to experience all the major city charms by foot.  <br /> <br />By just walking 2 minutes you can reach all the most known neighborhoods as Baixa, Chiado, Principe Real, Rossio, Avenida da Liberdade etc. Only 100m away you will find the famous viewpoint Miradouro São Pedro de Alcântara.",Misericrdia,38.71453,-9.14533,Room in boutique hotel,Private room,2,1 private bath,1.0,1.0,"[""Shampoo"", ""Heating"", ""Self check-in"", ""Hair dryer"", ""Bed linens"", ""Carbon monoxide alarm"", ""Wifi"", ""Building staff"", ""Fire extinguisher"", ""Body soap"", ""Smoke alarm"", ""Essentials"", ""Air conditioning"", ""Laundromat nearby"", ""Hangers"", ""First aid kit"", ""TV with standard cable"", ""Paid parking off premises""]",$129.00,2026-04-02,2026-04-03,,,4.72,4.86,4.86,4.64,1103,2683
19240515,Center cozy flat in Lisbon; Best location and view,"The flat stands out for the “Best Location”,In the  CENTER IT´S POSSIBLE  TO VISIT ALLl TOURIST POINTS BY WALKING, <br />It's at Rossio station close to Figueira Square and “below the São Jorge Castle”. You can have an amazing view to the center and Rio Tejo just behind of it.  <br />The building is listed as one of the historic house, on the third floor, has a good air circulation and light with 5 windows and a amazing view from the room",Santa Maria Maior,38.71224,-9.13597,Entire rental unit,Entire home/apt,3,1 bath,1.0,2.0,"[""Private patio or balcony"", ""Hot water"", ""Extra pillows and blankets"", ""Outro electric stove"", ""Oven"", ""Lake access"", ""Hair dryer"", ""Wifi"", ""Conditioner"", ""Room-darkening shades"", ""Kitchen"", ""Babysitter recommendations"", ""Central heating"", ""HDTV with Netflix, premium cable, standard cable"", ""Bay view"", ""Sea view"", ""Dishes and silverware"", ""Baking sheet"", ""River view"", ""Carbon monoxide alarm"", ""Bed linens"", ""Dining table"", ""Clothing storage: walk-in closet"", ""Fire extinguisher"", ""Paid parking on premises"", ""Coffee"", ""First aid kit"", ""Lockbox"", ""Shampoo"", ""Microwave"", ""Body soap"", ""Smoke alarm"", ""Refrigerator"", ""Essentials"", ""Freezer"", ""Laundromat nearby"", ""City skyline view"", ""Hangers"", ""Coffee maker"", ""Wine glasses"", ""Bathtub"", ""Waterfront"", ""Pets allowed"", ""Paid parking off premises"", ""Free washer \u2013 In unit"", ""Ethernet connection"", ""Drying rack for clothing"", ""Shower gel"", ""Self check-in"", ""Iron"", ""Long term stays allowed"", ""Cooking basics"", ""Central air conditioning""]",$130.88,2026-04-06,2026-04-07,130.88,130.88,4.75,4.69,4.94,4.75,1042,2195
176153,The White House - Historical Center,"Commemorating more than 1.300 - 5 star reviews. Special discounted prices for March, April and May - The discount is already in the price you get when choosing any of those months. <br />A XVIII century cosy, luxurious, luminous apartment full of charm with 2 rooms in the Historical Centre, walking distance everywhere. Quality, location, location, location and excellence of service.",Misericrdia,38.70781,-9.1451,Entire rental unit,Entire home/apt,4,1 bath,2.0,3.0,"[""Toaster"", ""Harbor view"", ""Hot water"", ""Building staff"", ""Hair dryer"", ""Wifi"", ""Portable fans"", ""Kitchen"", ""HDTV with premium cable"", ""Babysitter recommendations"", ""Free washer"", ""Baby safety gates"", ""Bay view"", ""Dishwasher"", ""Hot water kettle"", ""Dishes and silverware"", ""River view"", ""Baby bath"", ""Stove"", ""Bed linens"", ""Dining table"", ""Paid parking lot on premises"", ""Fire extinguisher"", ""Books and reading material"", ""Coffee"", ""First aid kit"", ""Microwave"", ""Luggage dropoff allowed"", ""Body soap"", ""Smoke alarm"", ""Refrigerator"", ""Essentials"", ""Freezer"", ""Laundromat nearby"", ""Hangers"", ""Dedicated workspace"", ""Coffee maker"", ""Wine glasses"", ""Waterfront"", ""Paid parking off premises"", ""Beach access"", ""Crib"", ""Heating"", ""Self check-in"", ""Shower gel"", ""Iron"", ""High chair"", ""Long term stays allowed"", ""Cooking basics"", ""Central air conditioning"", ""Single level home"", ""Cleaning products""]",$212.26,2026-05-06,2026-05-07,212.26,212.26,4.89,4.95,4.93,4.82,939,2209
447832,Your home in Bairro Alto,"Welcoming, with lots of light and right in the heart of Lisbon, our apartment has been totally renovated and is located on a small charming residential street with a tiny chapel on the corner, just a few minutes from restaurants, bars, galleries, shops, theatres and museums.",Misericrdia,38.7116263,-9.1461882,Entire rental unit,Entire home/apt,2,1 bath,1.0,1.0,"[""Hot water"", ""Extra pillows and blankets"", ""Oven"", ""Hair dryer"", ""Wifi"", ""Room-darkening shades"", ""Kitchen"", ""Dishes and silverware"", ""Stove"", ""Bed linens"", ""Dining table"", ""Fire extinguisher"", ""Books and reading material"", ""Host greets you"", ""First aid kit"", ""Private entrance"", ""Shampoo"", ""Luggage dropoff allowed"", ""Body soap"", ""Smoke alarm"", ""Refrigerator"", ""Essentials"", ""Hangers"", ""Coffee maker"", ""Wine glasses"", ""Heating"", ""Shower gel"", ""Iron"", ""Air conditioning"", ""Cooking basics"", ""Clothing storage"", ""Cleaning products""]",$116.86,2026-04-04,2026-04-06,233.71,116.86,4.98,4.98,4.95,4.92,926,2487
493274,The Flat with The View,"Rated one of ""The Most Romantic Airbnbs in Europe"" by the world reference magazine Condé Nast Traveller and one of ""The Best Airbnbs in Lisbon"" by The Times and Time Out magazine. <br /><br />The best view (almost 360º) in Lisbon from the coolest flat in a great location! The perfect nest for couples or lone writers! A truly genuine and very special way to experience beautiful old Lisboa!",So Vicente,38.72068,-9.13157,Entire rental unit,Entire home/apt,2,1 bath,1.0,1.0,"[""Toaster"", ""Private patio or balcony"", ""Hot water"", ""Extra pillows and blankets"", ""Oven"", ""Housekeeping available 1 day a week - available at extra cost"", ""Hair dryer"", ""Outlet covers"", ""Conditioner"", ""Room-darkening shades"", ""Fast wifi \u2013 506 Mbps"", ""Kitchen"", ""Pack \u2019n play/Travel crib"", ""Children\u2019s dinnerware"", ""Hot water kettle"", ""Dishes and silverware"", ""River view"", ""Carbon monoxide alarm"", ""Bed linens"", ""Dining table"", ""Clothing storage: closet and wardrobe"", ""Fire extinguisher"", ""Books and reading material"", ""Outdoor dining area"", ""Coffee"", ""First aid kit"", ""HDTV with standard cable"", ""Window AC unit"", ""Mini fridge"", ""Teka induction stove"", ""Private entrance"", ""Bluetooth sound system"", ""Outdoor furniture"", ""Paid street parking off premises"", ""Lockbox"", ""Shampoo"", ""Microwave"", ""Body soap"", ""Smoke alarm"", ""Refrigerator"", ""Essentials"", ""Freezer"", ""Children\u2019s books and toys"", ""Crib - available upon request"", ""City skyline view"", ""Hangers"", ""Dedicated workspace"", ""Wine glasses"", ""Coffee maker: Nespresso"", ""Waterfront"", ""Free washer \u2013 In unit"", ""Ethernet connection"", ""Heating"", ""Drying rack for clothing"", ""Shower gel"", ""Self check-in"", ""Iron"", ""High chair"", ""Long term stays allowed"", ""Cooking basics"", ""Board games"", ""Central air conditioning"", ""Laundromat nearby"", ""Garden view"", ""Cleaning products""]",$195.50,2026-04-15,2026-04-17,391.0,195.5,4.93,4.89,4.89,4.8,898,2306
1916892,Alfama Blue House I (River View),"Alfama Blue House I & II are small and charming apartments in Alfama, the oldest neighborhood of Lisbon.<br /><br />They are located a few steps away from Miradouro Santa Lúzia and near São Jorge Castle. The tram 28 is just a 2-minute walk from the flats.",Santa Maria Maior,38.71303,-9.12701,Entire rental unit,Entire home/apt,2,1 bath,1.0,2.0,"[""Private patio or balcony"", ""Hot water"", ""Oven"", ""Hair dryer"", ""Wifi"", ""Kitchen"", ""Dishes and silverware"", ""River view"", ""Stove"", ""Bed linens"", ""Fire extinguisher"", ""First aid kit"", ""TV with standard cable"", ""Lockbox"", ""Microwave"", ""Smoke alarm"", ""Refrigerator"", ""Essentials"", ""Hangers"", ""Coffee maker"", ""Heating"", ""Self check-in"", ""Iron"", ""Air conditioning"", ""Cooking basics""]",$142.65,2026-04-05,2026-04-06,142.65,142.65,4.92,4.96,4.91,4.87,865,1746
6429072,Lisbon rooftop with terrace and stunning views,"A stylish 1-bedroom rooftop apartment with a private terrace and stunning views of the Sao Jorge Castle and Tagus river. Located in the heart of Lisbon, in Marques de Pombal close to the emblematic Eduardo VII park and Avenida da Liberdade.<br />⚠️PLEASE NOTE there is construction work next door and may be noisy during the day**<br /><br />The rooftop apartment is accessible via an outdoor spiral staircase. Due to the stairs, please note that this apartment is not suitable for people with reduced mobility.",Santo Antnio,38.72495,-9.15241,Entire rental unit,Entire home/apt,2,1 bath,1.0,1.0,"[""AC - split type ductless system"", ""Toaster"", ""Hot water"", ""Extra pillows and blankets"", ""Private patio or balcony"", ""Hair dryer"", ""50 inch HDTV with standard cable"", ""Wifi"", ""Kitchen"", ""Babysitter recommendations"", ""Paid parking garage off premises"", ""Park view"", ""Pack \u2019n play/Travel crib"", ""Hot water kettle"", ""Dishes and silverware"", ""River view"", ""Bed linens"", ""Blender"", ""Dining table"", ""Fire extinguisher"", ""Books and reading material"", ""Outdoor dining area"", ""Coffee"", ""First aid kit"", ""Ceiling fan"", ""Mini fridge"", ""Heating - split type ductless system"", ""Outdoor furniture"", ""Shampoo"", ""Microwave"", ""Sun loungers"", ""Luggage dropoff allowed"", ""JBL Bluetooth sound system"", ""Body soap"", ""Refrigerator"", ""Freezer"", ""Essentials"", ""Laundromat nearby"", ""Elevator"", ""City skyline view"", ""Hangers"", ""Dedicated workspace"", ""Wine glasses"", ""Coffee maker: Nespresso"", ""Cleaning available during stay"", ""Ethernet connection"", ""Crib"", ""Drying rack for clothing"", ""Shower gel"", ""Self check-in"", ""Iron"", ""Long term stays allowed"", ""Keypad"", ""Siemens electric stove"", ""Cooking basics"", ""Clothing storage: closet"", ""Cleaning products""]",$224.00,2026-04-18,2026-04-19,224.0,224.0,4.95,4.98,4.87,4.88,848,2424
416929,A room at the República das bananas,Bananas Republic is an old flat in a building from 1909.,Arroios,38.7338,-9.133,Private room in rental unit,Private room,2,1 shared bath,1.0,1.0,"[""Record player"", ""Sound system"", ""Hot water"", ""Extra pillows and blankets"", ""Oven"", ""Wifi"", ""Portable fans"", ""Kitchen"", ""Dishes and silverware"", ""Carbon monoxide alarm"", ""Bed linens"", ""Portable air conditioning"", ""Dining table"", ""Fire extinguisher"", ""Books and reading material"", ""Host greets you"", ""Coffee"", ""First aid kit"", ""TV with standard cable"", ""Piano"", ""Stainless steel gas stove"", ""Luggage dropoff allowed"", ""Bikes"", ""Smoke alarm"", ""Refrigerator"", ""Elevator"", ""Essentials"", ""Children\u2019s books and toys"", ""Hangers"", ""City skyline view"", ""Dedicated workspace"", ""Coffee maker"", ""Pets allowed"", ""Paid parking off premises"", ""Heating"", ""Shower gel"", ""Patio or balcony"", ""Iron"", ""Clothing storage: closet"", ""Baby monitor"", ""Backyard""]",$37.00,2026-03-30,2026-03-31,37.0,37.0,4.6,4.61,4.66,4.7,837,1438
789789,Chiado Loft 3 Fantastic New Place,,Misericrdia,38.71121,-9.14693,Entire rental unit,Entire home/apt,4,1 bath,0.0,1.0,"[""Hot water"", ""Oven"", ""Hair dryer"", ""Wifi"", ""Kitchen"", ""Dryer"", ""Dishwasher"", ""Dishes and silverware"", ""Stove"", ""Carbon monoxide alarm"", ""Bed linens"", ""Fire extinguisher"", ""Washer"", ""First aid kit"", ""TV with standard cable"", ""Shampoo"", ""Microwave"", ""Smoke alarm"", ""Refrigerator"", ""Essentials"", ""Hangers"", ""Coffee maker"", ""Heating"", ""Shower gel"", ""Iron"", ""Air conditioning"", ""Cooking basics""]",$179.00,2026-04-16,2026-04-18,358.0,179.0,4.9,4.96,4.93,4.85,835,2500
13231767,Bed in a 6-bed dorm @ This Is Lisbon Hostel,"We are located in the old-town, near Alfama, Castle, Graca, at a walking distance from all major attractions in Lisbon such as Tram 28, Rossio Square and Flea Market. We have a unique terrace and view over Lisbon. Price includes internet wi-fi. We have 24-hour reception and luggage room for free.",Santa Maria Maior,38.71497,-9.13363,Shared room in hostel,Shared room,1,2 shared baths,1.0,6.0,"[""Paid washer \u2013 In unit"", ""Hot water"", ""Extra pillows and blankets"", ""Oven"", ""BBQ grill"", ""Building staff"", ""Hair dryer"", ""Wifi"", ""Paid dryer \u2013 In unit"", ""Room-darkening shades"", ""Kitchen"", ""Pack \u2019n play/Travel crib"", ""Dishwasher"", ""Dishes and silverware"", ""Stove"", ""Bed linens"", ""Fire extinguisher"", ""First aid kit"", ""Microwave"", ""Luggage dropoff allowed"", ""Exercise equipment"", ""Smoke alarm"", ""Refrigerator"", ""Freezer"", ""Essentials"", ""City skyline view"", ""Hangers"", ""Coffee maker: Nespresso"", ""Barbecue utensils"", ""Heating"", ""Self check-in"", ""Shower gel"", ""Iron"", ""Long term stays allowed"", ""Shared patio or balcony"", ""Cooking basics"", ""Backyard""]",$28.00,2026-04-05,2026-04-06,28.0,28.0,4.82,4.69,4.71,4.82,834,2199
9092386,Alfama - Amazing River View,"This small and charming apartment fully restored, offers a wonderful view over the old rooftops of Alfama, the most typical and historic neighbourhood of Lisbon, to Tagus river.<br />This flat provides every thing you need for an unforgettable experience.",Santa Maria Maior,38.71171,-9.12912,Entire rental unit,Entire home/apt,2,1 bath,1.0,1.0,"[""Toaster"", ""Private patio or balcony"", ""Hot water"", ""Portable heater"", ""Oven"", ""Hair dryer"", ""Wifi"", ""Portable fans"", ""Kitchen"", ""Hot water kettle"", ""Dishes and silverware"", ""River view"", ""Bed linens"", ""Dining table"", ""Fire extinguisher"", ""First aid kit"", ""TV with standard cable"", ""Microwave"", ""Refrigerator"", ""Freezer"", ""Essentials"", ""Laundromat nearby"", ""City skyline view"", ""Hangers"", ""Coffee maker"", ""Wine glasses"", ""Waterfront"", ""Induction stove"", ""Shower gel"", ""Iron"", ""Long term stays allowed"", ""Cooking basics""]",$187.00,2026-04-12,2026-04-13,187.0,187.0,4.93,4.97,4.93,4.9,832,1832
8204668,Alfama - Beco dos Ramos            (R.Remédios),"A one bedroom flat in one of the most picturesque streets of Alfama. One bedroom, lounge, kitchen and bathroom. Ideal for a couple with comfortable sofa bed in the lounge for one. Great access to transport and a walk to the castle or the city center. Lisbon is very hilly, be prepared to climb some steps.<br />Santa Apolónia station at 5 minutes walking.",Santa Maria Maior,38.71148,-9.12651,Entire rental unit,Entire home/apt,3,1 bath,1.0,1.0,"[""Toaster"", ""Hot water"", ""Extra pillows and blankets"", ""Portable heater"", ""Oven"", ""Hair dryer"", ""Wifi"", ""Room-darkening shades"", ""Kitchen"", ""Hot water kettle"", ""Dishes and silverware"", ""Stove"", ""Carbon monoxide alarm"", ""Bed linens"", ""Dining table"", ""Fire extinguisher"", ""Host greets you"", ""Coffee"", ""Washer"", ""First aid kit"", ""HDTV with standard cable"", ""Private entrance"", ""Shampoo"", ""Microwave"", ""Smoke alarm"", ""Refrigerator"", ""Freezer"", ""Essentials"", ""Hangers"", ""Coffee maker"", ""Wine glasses"", ""Paid parking off premises"", ""Ethernet connection"", ""Drying rack for clothing"", ""Shower gel"", ""Iron"", ""Cooking basics"", ""Clothing storage"", ""Cleaning products""]",$102.00,2026-04-27,2026-04-28,102.0,102.0,4.84,4.86,4.91,4.82,804,1637
1114716,Alfama 2 You,,So Vicente,38.71338,-9.12958,Entire rental unit,Entire home/apt,2,1 bath,1.0,1.0,"[""Toaster"", ""Hot water"", ""Extra pillows and blankets"", ""Oven"", ""Hair dryer"", ""Wifi"", ""Kitchen"", ""Bidet"", ""Dishwasher"", ""Dishes and silverware"", ""Stove"", ""Carbon monoxide alarm"", ""Bed linens"", ""Fire extinguisher"", ""Host greets you"", ""Coffee"", ""First aid kit"", ""TV with standard cable"", ""Shampoo"", ""Microwave"", ""Luggage dropoff allowed"", ""Body soap"", ""Smoke alarm"", ""Refrigerator"", ""Essentials"", ""Freezer"", ""Laundromat nearby"", ""Elevator"", ""Hangers"", ""Coffee maker"", ""Wine glasses"", ""Bathtub"", ""Free washer \u2013 In unit"", ""Clothing storage: closet and dresser"", ""Ethernet connection"", ""Heating"", ""Shower gel"", ""Iron"", ""Long term stays allowed"", ""Cooking basics"", ""Cleaning products"", ""Backyard""]",$102.71,2026-04-07,2026-04-10,308.12,102.71,4.89,4.96,4.9,4.84,802,1951
3013088,Studio with River View in Lisbon,Welcome to our  apartment in the heart of Lisbon!<br /><br />Our apartment is situated on the 4th and top floor with a view over Tejo River.,Misericrdia,38.70915,-9.15165,Entire loft,Entire home/apt,2,1 bath,1.0,1.0,"[""Private patio or balcony"", ""Hot water"", ""Extra pillows and blankets"", ""Oven"", ""Hair dryer"", ""Wifi"", ""Kitchen"", ""Babysitter recommendations"", ""Teka electric stove"", ""Dishwasher"", ""Dishes and silverware"", ""River view"", ""Bed linens"", ""Blender"", ""Dining table"", ""Fire extinguisher"", ""Books and reading material"", ""Host greets you"", ""Paid parking on premises"", ""Coffee"", ""First aid kit"", ""TV with standard cable"", ""Mini fridge"", ""Lockbox"", ""Shampoo"", ""Microwave"", ""Refrigerator"", ""Freezer"", ""Essentials"", ""Hangers"", ""Coffee maker"", ""Wine glasses"", ""Waterfront"", ""Bathtub"", ""Paid parking off premises"", ""Free washer \u2013 In unit"", ""Self check-in"", ""Iron"", ""Long term stays allowed"", ""Cooking basics"", ""Board games"", ""Clothing storage: closet"", ""Central air conditioning"", ""Cleaning products""]",$115.00,2026-06-10,2026-06-11,115.0,115.0,4.91,4.94,4.87,4.86,798,2238
790907,Chiado Loft 2 Fantastic Last Floor,,Misericrdia,38.70898,-9.14708,Entire rental unit,Entire home/apt,2,1 bath,0.0,2.0,"[""Hot water"", ""Oven"", ""Hair dryer"", ""Wifi"", ""Kitchen"", ""Dishwasher"", ""Dishes and silverware"", ""Stove"", ""Carbon monoxide alarm"", ""Bed linens"", ""Fire extinguisher"", ""Washer"", ""First aid kit"", ""TV with standard cable"", ""Shampoo"", ""Microwave"", ""Smoke alarm"", ""Refrigerator"", ""Essentials"", ""Hangers"", ""Coffee maker"", ""Pocket wifi"", ""Heating"", ""Shower gel"", ""Iron"", ""Air conditioning"", ""Cooking basics""]",$115.50,2026-04-13,2026-04-15,231.0,115.5,4.89,4.95,4.88,4.84,795,2317
4642205,Your Home in Alfama - Free pick up,"An 18th century renovated apartment in the heart of Alfama, located on a charming and quiet street, just a few minutes from restaurants, fado bars, galleries, shops, great viewpoints and outdoor cafes.<br /><br />5 minutes walking from Santa Apolonia Train Station to Oporto & also Metro station.<br /><br />It will be a pleasure to pick you up at the airport and drive you to the apartment in my car.",Santa Maria Maior,38.71192,-9.12971,Entire rental unit,Entire home/apt,2,0 baths,1.0,1.0,"[""Toaster"", ""Private patio or balcony"", ""Hot water"", ""Extra pillows and blankets"", ""Portable heater"", ""Oven"", ""Hair dryer"", ""Wifi"", ""Room-darkening shades"", ""Portable fans"", ""Kitchen"", ""Safe"", ""Hot water kettle"", ""Dishes and silverware"", ""Baking sheet"", ""Clothing storage: dresser"", ""Stove"", ""Bed linens"", ""Dining table"", ""Fire extinguisher"", ""Books and reading material"", ""Host greets you"", ""Coffee"", ""First aid kit"", ""Shampoo"", ""Microwave"", ""Body soap"", ""Refrigerator"", ""Freezer"", ""Essentials"", ""Laundromat nearby"", ""Hangers"", ""Dedicated workspace"", ""Coffee maker"", ""Wine glasses"", ""Drying rack for clothing"", ""Shower gel"", ""Iron"", ""Paid parking lot off premises"", ""32 inch HDTV with standard cable"", ""Cooking basics"", ""Cleaning products""]",$120.00,2026-06-28,2026-06-30,240.0,120.0,4.88,4.93,4.88,4.88,790,1861
785822,Loft in Heritage Building with City View Terrace,"This last floor loft in a 400 year's old building, fully renovated, equipped with air conditioning, heating, cable tv, wifi, kitchenette (dishwasher, washing/drying machine, fridge, coffee machine, orange juice squeezer, toaster, oven, electric hob (2) and hairdryer. The apartment has an open space layout, though the different areas very well defined. From the bedroom area of the apartment there is a glass wall that leads to the terrace  in front of the double bed. The apartment accommodates 3.",Misericrdia,38.71027,-9.14686,Entire rental unit,Entire home/apt,3,1 bath,0.0,3.0,"[""Hot water"", ""Extra pillows and blankets"", ""Oven"", ""Hair dryer"", ""Wifi"", ""Kitchen"", ""Dryer"", ""Dishwasher"", ""Hot water kettle"", ""Dishes and silverware"", ""Stove"", ""Carbon monoxide alarm"", ""Bed linens"", ""Dining table"", ""Fire extinguisher"", ""Washer"", ""First aid kit"", ""TV with standard cable"", ""Shampoo"", ""Body soap"", ""Smoke alarm"", ""Refrigerator"", ""Essentials"", ""Hangers"", ""Coffee maker"", ""Heating"", ""Patio or balcony"", ""Iron"", ""Air conditioning"", ""Cooking basics""]",$223.00,2026-04-11,2026-04-13,446.0,223.0,4.91,4.97,4.89,4.79,786,2416
299321,Central Apartment & 360º Terrace,"A charming, romantic, cosy and stylish apartment with a 360º rooftop terrace located in the heart of Lisbon and constantly rated among the top 5 airbnb apartments in Lisbon. Easily accessible from the airport, it's the perfect base to explore the city. If you're still thinking, just read the reviews other guests wrote :)<br />Officially registered for short term rentals as number 2156/AL<br />Tiago's apartment is being co-hosted by is longtime friends (and also Superhosts!) Sandra and Sofia.",Santo Antnio,38.7213,-9.14437,Entire rental unit,Entire home/apt,2,1 bath,1.0,1.0,"[""Toaster"", ""Private patio or balcony"", ""Hot water"", ""Extra pillows and blankets"", ""Hair dryer"", ""Wifi"", ""Room-darkening shades"", ""Outdoor shower"", ""Hot water kettle"", ""Dishes and silverware"", ""River view"", ""Carbon monoxide alarm"", ""Bed linens"", ""Dining table"", ""Fire extinguisher"", ""Host greets you"", ""Other induction stove"", ""Outdoor dining area"", ""Coffee"", ""First aid kit"", ""TV with standard cable"", ""Outdoor furniture"", ""Shampoo"", ""Microwave"", ""Kitchenette"", ""Refrigerator"", ""Laundromat nearby"", ""City skyline view"", ""Hangers"", ""Dedicated workspace"", ""Coffee maker"", ""Wine glasses"", ""Paid parking off premises"", ""Free washer \u2013 In unit"", ""Heating"", ""Iron"", ""Long term stays allowed"", ""Air conditioning"", ""Cooking basics"", ""Clothing storage: closet"", ""Cleaning products""]",$147.00,2026-05-03,2026-05-06,441.0,147.0,4.87,4.82,4.88,4.8,783,2961
2393974,"Superb Design & areas, stunning ViewsTop Location","A spacious apartment recently redecorated, vintage and modern decor, in a perfect location in the Lisbon downtown, right in the heart of historic Lisbon. Its located near all the atracttions, with great views to Castle, Carmo and Justa Lift",Santa Maria Maior,38.71361,-9.13858,Entire rental unit,Entire home/apt,6,1 bath,3.0,3.0,"[""Hot water"", ""Extra pillows and blankets"", ""Oven"", ""Hair dryer"", ""Wifi"", ""Kitchen"", ""Dryer"", ""Smoking allowed"", ""Pack \u2019n play/Travel crib"", ""Dishwasher"", ""Dishes and silverware"", ""Stove"", ""Carbon monoxide alarm"", ""Bed linens"", ""Fire extinguisher"", ""Paid parking on premises"", ""Washer"", ""First aid kit"", ""TV with standard cable"", ""Shampoo"", ""Microwave"", ""Luggage dropoff allowed"", ""Smoke alarm"", ""Refrigerator"", ""Smart lock"", ""Essentials"", ""Children\u2019s books and toys"", ""Hangers"", ""Coffee maker"", ""Pets allowed"", ""Crib"", ""Heating"", ""Self check-in"", ""Shower gel"", ""Patio or balcony"", ""Iron"", ""High chair"", ""Long term stays allowed"", ""Air conditioning"", ""Cooking basics"", ""Children\u2019s dinnerware""]",$212.00,2026-05-20,2026-05-22,424.0,212.0,4.76,4.8,4.93,4.78,781,2367
9025900,Downtown Central & Modern - Bedroom 1,"A clean, renovated charming, little bedroom in a shared apartment with low ceilings. Comfortable, breathing the city charming spirit, in the very birthplace of Fado!<br />It easily accommodates 2 people in a double sized bed. It sits centrally in a multicultural street, only 1 minute walk from the Subway.<br />Check-in starts at 15:00 and check-out at 11:00.<br />We follow the WHO sanitary guidelines and Airbnb's Good Hosting policy towards safety and property security.",Santa Maria Maior,38.7160927,-9.1333229,Private room in rental unit,Private room,2,1 private bath,1.0,1.0,"[""Toaster"", ""Hot water"", ""Extra pillows and blankets"", ""Portable heater"", ""Oven"", ""Hair dryer"", ""Wifi"", ""Room-darkening shades"", ""Portable fans"", ""Kitchen"", ""Hot water kettle"", ""Trash compactor"", ""Dishes and silverware"", ""Bed linens"", ""Dining table"", ""Fire extinguisher"", ""Books and reading material"", ""Coffee"", ""First aid kit"", ""Lockbox"", ""Shampoo"", ""Noise decibel monitors on property"", ""Microwave"", ""Luggage dropoff allowed"", ""Body soap"", ""Smoke alarm"", ""Refrigerator"", ""Essentials"", ""Freezer"", ""Laundromat nearby"", ""Beach essentials"", ""Hangers"", ""Coffee maker"", ""Wine glasses"", ""Shared gym nearby"", ""Stainless steel electric stove"", ""Free washer \u2013 In unit"", ""Exterior security cameras on property"", ""HDTV with Netflix, standard cable"", ""Ethernet connection"", ""Drying rack for clothing"", ""Shower gel"", ""Game console"", ""Iron"", ""Self check-in"", ""Free street parking"", ""Long term stays allowed"", ""Paid parking lot off premises"", ""Cooking basics"", ""Clothing storage"", ""Single level home"", ""Cleaning products""]",$69.00,2026-04-12,2026-04-13,69.0,69.0,4.6,4.69,4.55,4.65,781,2246
766765,Chiado Loft 8 Terrace Lisbon Loft,"This last floor (3rd floor with no elevator) provides an excellent base from which to explore Lisbon. Very centrally located in Santa Catarina, next to Chiado. It is close to everything  but at the same time a quiet spot!  The very complete renovation the apartment went through",Misericrdia,38.71146,-9.1469,Entire rental unit,Entire home/apt,4,1 bath,0.0,3.0,"[""Hot water"", ""Hair dryer"", ""Wifi"", ""Kitchen"", ""Dryer"", ""Dishwasher"", ""Dishes and silverware"", ""Stove"", ""Carbon monoxide alarm"", ""Bed linens"", ""Fire extinguisher"", ""Washer"", ""First aid kit"", ""TV with standard cable"", ""Shampoo"", ""Microwave"", ""Smoke alarm"", ""Refrigerator"", ""Essentials"", ""Hangers"", ""Coffee maker"", ""Pocket wifi"", ""Heating"", ""Shower gel"", ""Patio or balcony"", ""Iron"", ""Air conditioning"", ""Cooking basics""]",$150.00,2026-04-12,2026-04-13,150.0,150.0,4.87,4.95,4.92,4.8,779,2510
2982207,Loft old quarter of Lisbon - ALFAMA,"You will find a open cozy loft of 35m2 located in a quite are of Alfama neighbourhood, the oldest of Lisbon.  Very well located you will be near from  town center of Lisbon (15min walking), nearby the  Train Central Station of Santa Apolónia with all kind of transports. <br />Alfama, located near by the Tagus River, has very old tradition, many restaurants, Museums, Fado song, and many other activities, like rental bikes, tuk tuk,",Santa Maria Maior,38.71257,-9.12577,Entire loft,Entire home/apt,3,1 bath,1.0,2.0,"[""Toaster"", ""Hot water"", ""Extra pillows and blankets"", ""Portable heater"", ""Hair dryer"", ""Fast wifi \u2013 411 Mbps"", ""Room-darkening shades"", ""Portable fans"", ""Hot water kettle"", ""Dishes and silverware"", ""Carbon monoxide alarm"", ""Bed linens"", ""Blender"", ""Dining table"", ""Fire extinguisher"", ""Books and reading material"", ""Coffee"", ""First aid kit"", ""Ceiling fan"", ""HDTV with standard cable"", ""Private entrance"", ""Lockbox"", ""Shampoo"", ""Microwave"", ""Luggage dropoff allowed"", ""Kitchenette"", ""Other stainless steel electric stove"", ""Body soap"", ""Smoke alarm"", ""Freezer"", ""Essentials"", ""Laundromat nearby"", ""Paid street parking off premises"", ""City skyline view"", ""Hangers"", ""Dedicated workspace"", ""Wine glasses"", ""Clothing storage: walk-in closet and dresser"", ""Free washer \u2013 In unit"", ""Cleaning available during stay"", ""Self check-in"", ""Shower gel"", ""Iron"", ""Ikea refrigerator"", ""Coffee maker: espresso machine, french press"", ""Long term stays allowed"", ""Cooking basics"", ""Cleaning products""]",$117.50,2026-04-05,2026-04-07,235.0,117.5,4.88,4.94,4.87,4.82,779,1638
3402592,"Chiado ""Loft"" 5 ""THE STUDIO""","This studio apartment (4th floor with no elevator) was designed in such a way, that although the different areas are very well divided, the apartment does not feel cramped or small. It boasts a lounge, a dinning area, a Kitchenette and a bedroom area with bathroom.",Misericrdia,38.71133,-9.14586,Entire rental unit,Entire home/apt,2,1 bath,0.0,1.0,"[""Hot water"", ""Hair dryer"", ""Wifi"", ""Kitchen"", ""Dryer"", ""Dishwasher"", ""Dishes and silverware"", ""Stove"", ""Carbon monoxide alarm"", ""Bed linens"", ""Fire extinguisher"", ""Washer"", ""First aid kit"", ""TV with standard cable"", ""Shampoo"", ""Microwave"", ""Smoke alarm"", ""Refrigerator"", ""Essentials"", ""Hangers"", ""Coffee maker"", ""Heating"", ""Shower gel"", ""Iron"", ""Air conditioning"", ""Cooking basics""]",$192.00,2026-04-14,2026-04-16,384.0,192.0,4.89,4.94,4.89,4.86,774,2483
3253223,Cozy River View Alfama Apartment,"Come enjoy Lisbon unique atmosphere starting  with our relaxing view of the Tagus river. The studio is located in the historical district of Alfama, and it is easily connected to the city life and main attractions.",Santa Maria Maior,38.71112,-9.13107,Entire rental unit,Entire home/apt,4,1 bath,1.0,2.0,"[""Toaster"", ""Hot water"", ""Portable heater"", ""Hair dryer"", ""Wifi"", ""Clothing storage: wardrobe"", ""Portable fans"", ""Kitchen"", ""Hot water kettle"", ""Dishes and silverware"", ""River view"", ""Valley view"", ""Carbon monoxide alarm"", ""Bed linens"", ""Dining table"", ""Fire extinguisher"", ""Coffee maker: drip coffee maker"", ""Other induction stove"", ""Coffee"", ""First aid kit"", ""HDTV with premium cable, standard cable"", ""Lockbox"", ""Shampoo"", ""Microwave"", ""Smoke alarm"", ""Refrigerator"", ""Freezer"", ""Laundromat nearby"", ""City skyline view"", ""Hangers"", ""Dedicated workspace"", ""Wine glasses"", ""Paid parking off premises"", ""Drying rack for clothing"", ""Shower gel"", ""Self check-in"", ""Iron"", ""Long term stays allowed"", ""Cooking basics"", ""Single level home"", ""Cleaning products""]",$90.00,2026-03-30,2026-03-31,90.0,90.0,4.75,4.81,4.85,4.67,774,1915
474818,"CASTELO, ALFAMA - CASA MENINO DEUS    ( 53816/AL )",,Santa Maria Maior,38.71284,-9.13085,Entire rental unit,Entire home/apt,4,1 bath,1.0,2.0,"[""Hot water"", ""Hair dryer"", ""Wifi"", ""Kitchen"", ""Pack \u2019n play/Travel crib"", ""Dishes and silverware"", ""Stove"", ""Carbon monoxide alarm"", ""Bed linens"", ""Fire extinguisher"", ""Host greets you"", ""First aid kit"", ""Microwave"", ""Refrigerator"", ""Essentials"", ""Children\u2019s books and toys"", ""Hangers"", ""Coffee maker"", ""Crib"", ""Heating"", ""Iron"", ""Cooking basics"", ""Free washer \u2013 In building""]",$147.00,2026-04-12,2026-04-13,147.0,147.0,4.77,4.71,4.93,4.77,770,1978
1056297,Chiado Studio III Amazing Place,,Santa Maria Maior,38.71067,-9.14151,Entire rental unit,Entire home/apt,2,1 bath,,,"[""Hot water"", ""Hair dryer"", ""Wifi"", ""Kitchen"", ""Dishwasher"", ""Dishes and silverware"", ""Stove"", ""Carbon monoxide alarm"", ""Bed linens"", ""Fire extinguisher"", ""Washer"", ""First aid kit"", ""TV with standard cable"", ""Shampoo"", ""Microwave"", ""Smoke alarm"", ""Refrigerator"", ""Elevator"", ""Essentials"", ""Hangers"", ""Coffee maker"", ""Heating"", ""Shower gel"", ""Patio or balcony"", ""Iron"", ""Air conditioning"", ""Cooking basics""]",,,,,,4.96,4.96,4.99,4.91,768,2328
983797720777244428,SATURdAYS - Dbl Room w/ balcony & shared bathroom,Double room with balcony and shared bathroom. <br /><br />The room is located inside SATURdAYS Guest House. <br /><br />The bathrooms are shared by guests and there is a communal kitchen for guests to use.<br /><br />Check-in is done automatically. Instructions and codes will be sent by email after booking confirmation,Santo Antnio,38.72307839787288,-9.14696660257574,Private room in guesthouse,Private room,2,0 shared baths,1.0,1.0,"[""Exterior security cameras on property"", ""Self check-in"", ""Wifi"", ""Kitchen"", ""Lockbox""]",$48.00,2026-03-29,2026-03-30,48.0,48.0,4.63,4.76,4.72,4.65,767,2872
16334452,Cosy! 10 minutes Airport and Center,"the ideal place to spend your holidays or business travels.<br />the comfort of the apartment, the silence of the neighborhood and the proximity to the center of the city , are very apreciate by the guests.<br />near the center, with a train and metro station on the doorstep, that will take you 10 min. to the center of the city.<br />you can even take the train directly to the beaches or to the beautiful town of Sintra, in 30 min..<br />very near the airport, 10 min by underground, 5 min by car.",Areeiro,38.74434,-9.13522,Entire rental unit,Entire home/apt,4,1 bath,2.0,3.0,"[""Hot water"", ""Extra pillows and blankets"", ""Oven"", ""Hair dryer"", ""Wifi"", ""Kitchen"", ""Pack \u2019n play/Travel crib"", ""Dishes and silverware"", ""Stove"", ""Bed linens"", ""Washer"", ""First aid kit"", ""TV with standard cable"", ""Shampoo"", ""Microwave"", ""Refrigerator"", ""Essentials"", ""Hangers"", ""Coffee maker"", ""Crib"", ""Self check-in"", ""Patio or balcony"", ""Iron"", ""Long term stays allowed"", ""Keypad"", ""Cooking basics""]",$132.00,2026-04-26,2026-04-27,132.0,132.0,4.8,4.89,4.65,4.73,760,961
720167,TILES APARTMENT - BY MAYORAL,"The concept for this apartment was inspired by the glorious 18th century tiles “azulejos“ in the living room. By using simple yet refined materials, we tailored the predominantly white decor into this context.",Santa Maria Maior,38.71089,-9.13044,Entire rental unit,Entire home/apt,4,1 bath,2.0,2.0,"[""Toaster"", ""Harbor view"", ""Hot water"", ""Extra pillows and blankets"", ""Portable heater"", ""Oven"", ""Hair dryer"", ""Wifi"", ""Room-darkening shades"", ""Portable fans"", ""Kitchen"", ""Bidet"", ""Hot water kettle"", ""Dishes and silverware"", ""River view"", ""Bed linens"", ""Dining table"", ""Fire extinguisher"", ""Books and reading material"", ""First aid kit"", ""HDTV with standard cable"", ""Private entrance"", ""Coffee maker: espresso machine"", ""Lockbox"", ""Shampoo"", ""Microwave"", ""Body soap"", ""Refrigerator"", ""Freezer"", ""Essentials"", ""Laundromat nearby"", ""Crib - available upon request"", ""Hangers"", ""Electric stove"", ""Wine glasses"", ""Free washer \u2013 In unit"", ""Exterior security cameras on property"", ""Clothing storage: closet and dresser"", ""Ethernet connection"", ""Drying rack for clothing"", ""Self check-in"", ""Iron"", ""Long term stays allowed"", ""Paid parking lot off premises"", ""Pack \u2019n play/Travel crib - available upon request"", ""Cooking basics"", ""Cleaning products""]",$92.00,2026-04-02,2026-04-03,92.0,92.0,4.68,4.54,4.88,4.69,752,1869
19857085,Breathtaking View Balcony Near Senhora da Monte,"Experience breathtaking views from this amazing balcony, located near Senhora do Monte. Perfect for enjoying Lisbon’s stunning skyline, it offers a serene spot to unwind, whether you’re sipping your morning coffee or watching the sunset. With its prime location, you’ll be just moments away from the city’s vibrant streets and historical landmarks, making it an ideal base for exploring Lisbon.",Santa Maria Maior,38.71572,-9.1326,Entire rental unit,Entire home/apt,5,1 bath,1.0,2.0,"[""Private patio or balcony"", ""Hot water"", ""Portable heater"", ""Hair dryer"", ""Wifi"", ""Room-darkening shades"", ""Portable fans"", ""Kitchen"", ""Hot water kettle"", ""Dishes and silverware"", ""River view"", ""Indesit oven"", ""Carbon monoxide alarm"", ""Bed linens"", ""Dining table"", ""Fire extinguisher"", ""Elegance refrigerator"", ""Outdoor dining area"", ""First aid kit"", ""Coffee maker: espresso machine"", ""Lockbox"", ""Shampoo"", ""Microwave"", ""Body soap"", ""Smoke alarm"", ""Freezer"", ""Essentials"", ""Crib - available upon request"", ""City skyline view"", ""Hangers"", ""Electric stove"", ""Wine glasses"", ""Waterfront"", ""Clothing storage: walk-in closet and dresser"", ""Free washer \u2013 In unit"", ""Drying rack for clothing"", ""Shower gel"", ""Self check-in"", ""Iron"", ""Free street parking"", ""Long term stays allowed"", ""Cooking basics"", ""Cleaning products""]",$134.00,2026-04-12,2026-04-14,268.0,134.0,4.84,4.85,4.79,4.78,751,2184
25865244,Cactus House Lisboa,"Cactus House Lisbon is the ideal place to enjoy a few days, to escape the stress of everyday life. Located in the heart of Lisbon (Historic Zone) between the castle of São Jorge, is the typical neighborhood of Alfama, the gazebo of the Portas do Sol serves as gateway to the Cactus House.<br />The apartment has 1 bedroom with a small living room, kitchen and is equipped with all the essential amenities for a comfortable stay.",Santa Maria Maior,38.71258,-9.13158,Entire rental unit,Entire home/apt,2,1 bath,1.0,1.0,"[""Hot water"", ""Oven"", ""Hair dryer"", ""Wifi"", ""Kitchen"", ""Dishes and silverware"", ""Stove"", ""Carbon monoxide alarm"", ""Bed linens"", ""Host greets you"", ""Paid parking on premises"", ""Washer"", ""First aid kit"", ""Shampoo"", ""Microwave"", ""Luggage dropoff allowed"", ""Smoke alarm"", ""Refrigerator"", ""Essentials"", ""Hangers"", ""Coffee maker"", ""Heating"", ""Iron"", ""Long term stays allowed"", ""Air conditioning"", ""Cooking basics""]",$75.00,2026-04-30,2026-05-01,75.0,75.0,4.81,4.78,4.93,4.75,744,2004
3121788,"Chiado ""Loft"" 6 Stylish Place","This apartment is on the 4th floor with no elevator of a building in the Chiado area of Lisbon. It was just entirely renovated. With a double bedroom, a single bedroom, a very comfortable lounge area with kitchenette and a bathroom it is the perfect place to stay!",Misericrdia,38.71,-9.14766,Entire rental unit,Entire home/apt,4,1 bath,2.0,2.0,"[""Hot water"", ""Oven"", ""Hair dryer"", ""Wifi"", ""Kitchen"", ""Dishwasher"", ""Dishes and silverware"", ""Stove"", ""Carbon monoxide alarm"", ""Bed linens"", ""Fire extinguisher"", ""Washer"", ""First aid kit"", ""TV with standard cable"", ""Shampoo"", ""Microwave"", ""Smoke alarm"", ""Refrigerator"", ""Essentials"", ""Hangers"", ""Coffee maker"", ""Pocket wifi"", ""Heating"", ""Shower gel"", ""Iron"", ""Air conditioning"", ""Cooking basics""]",$162.50,2026-04-05,2026-04-07,325.0,162.5,4.94,4.97,4.95,4.88,741,2394
3239752,Terrace and views over the Tagus,"Cozy apartment in a quiet and pedestrian street, right up to theTagus. The narrow streets of Alfama, birthplace of Fado and the most typical neighborhood of Lisbon, make it a charming and picturesque place. Alfama derives from the Arabic Al-hamma, meaning fountains or baths.<br /><br />In a prime location to enjoy the city on foot, the apartment is located 950m from Praça do Comércio, 650m from Santa Apolónia Station (underground), and 300 meters from a stop of the mythical Tram28.",Santa Maria Maior,38.7121,-9.1291,Entire condo,Entire home/apt,4,1 bath,1.0,1.0,"[""Private patio or balcony"", ""Hot water"", ""Oven"", ""BBQ grill"", ""Hair dryer"", ""Wifi"", ""Room-darkening shades"", ""Kitchen"", ""Dryer"", ""Beach access \u2013 Beachfront"", ""Pack \u2019n play/Travel crib"", ""Dishwasher"", ""Dishes and silverware"", ""Stove"", ""Carbon monoxide alarm"", ""Bed linens"", ""Fire extinguisher"", ""Host greets you"", ""Outdoor dining area"", ""Washer"", ""First aid kit"", ""Canal view"", ""TV with standard cable"", ""Outdoor furniture"", ""Shampoo"", ""Microwave"", ""Smoke alarm"", ""Refrigerator"", ""Essentials"", ""Hangers"", ""Coffee maker"", ""Crib"", ""Heating"", ""Iron"", ""High chair"", ""Air conditioning"", ""Cooking basics"", ""Garden view""]",$183.00,2026-04-01,2026-04-02,183.0,183.0,4.92,4.92,4.92,4.87,737,1843
925378,Apartamento Mouraria Guesthouse - Room 4,"Private bedroom in a genuinely portuguese, shared apartment located in the historic Mouraria neighbourhood, a short walk from Central Lisbon. The Guesthouse occupies a charming 18th-century building and offers 4 pretty double rooms.<br /><br />* This specific bedroom can be set up as either a double bedroom for 2 people (with 1 standard double bed) or a triple room with an extra mattress added for a third person. For that, book for 3 people and please inform us you require a mattress. *",Santa Maria Maior,38.71664,-9.133519,Private room in rental unit,Private room,3,2 shared baths,1.0,1.0,"[""Paid washer \u2013 In unit"", ""Hot water"", ""Extra pillows and blankets"", ""Portable heater"", ""Hair dryer"", ""Conditioner"", ""Room-darkening shades"", ""Portable fans"", ""Kitchen"", ""Bidet"", ""Smoking allowed"", ""Hot water kettle"", ""Dishes and silverware"", ""Stove"", ""Bed linens"", ""Dining table"", ""Clothing storage: walk-in closet"", ""Fire extinguisher"", ""Coffee"", ""Lockbox"", ""Shampoo"", ""Microwave"", ""Luggage dropoff allowed"", ""Coffee maker: french press"", ""Body soap"", ""Refrigerator"", ""Freezer"", ""Essentials"", ""Hangers"", ""Dedicated workspace"", ""Pets allowed"", ""Bathtub"", ""Lock on bedroom door"", ""Crib"", ""Self check-in"", ""Shower gel"", ""Iron"", ""Free street parking"", ""Long term stays allowed"", ""Cooking basics"", ""Fast wifi \u2013 208 Mbps"", ""Cleaning products""]",$55.00,2026-05-04,2026-05-05,55.0,55.0,4.37,4.46,4.51,4.49,718,2266
3137482,Chiado Loft 7 with Patio!,This duplex apartment with a patio is on the 4th and last floor of a building with no elevator in Chiado. It was just entirely renovated. A very comfortable lounge area with a Patio and a kitchenette and a bathroom on the lower floor.  It is the ideal place to stay!,Misericrdia,38.71121,-9.14842,Entire rental unit,Entire home/apt,3,1 bath,0.0,2.0,"[""Hot water"", ""Oven"", ""Hair dryer"", ""Wifi"", ""Kitchen"", ""Central heating"", ""Dishwasher"", ""Dishes and silverware"", ""Stove"", ""Carbon monoxide alarm"", ""Bed linens"", ""Fire extinguisher"", ""Washer"", ""First aid kit"", ""TV with standard cable"", ""Shampoo"", ""Microwave"", ""Smoke alarm"", ""Refrigerator"", ""Essentials"", ""Hangers"", ""Coffee maker"", ""Shower gel"", ""Patio or balcony"", ""Iron"", ""Air conditioning"", ""Cooking basics""]",$214.50,2026-05-12,2026-05-14,429.0,214.5,4.9,4.96,4.95,4.83,710,2458
4712651,Design Duplex Apartment BA/ Chiado,"Prime Location in Bairro Alto/Chiado<br />Located in one of Lisbon’s best areas, this apartment is just 50 meters from Largo de Camões, surrounded by restaurants, bars, and within walking distance of the city’s main tourist attractions<br />🏡 Apartment Features (105m² | Two Floors)<br />✔ 3 Bedrooms, including a spacious 35m² suite 🛏️<br />✔ 2 Full Bathrooms 🚿<br />✔ Air Conditioning for extra comfort ❄️<br />🛍️ Nearby Amenities<br />✔ Supermarkets & Grocery Stores just a few minutes away 🛒<br />✔ Traditional bakeries ☕🛍️",Misericrdia,38.71114,-9.1439,Entire rental unit,Entire home/apt,8,2 baths,3.0,3.0,"[""AC - split type ductless system"", ""Toaster"", ""Hot water"", ""Extra pillows and blankets"", ""Oven"", ""Hair dryer"", ""Wifi"", ""Room-darkening shades"", ""Kitchen"", ""Babysitter recommendations"", ""Baby safety gates"", ""Dishwasher"", ""Hot water kettle"", ""Dishes and silverware"", ""Carbon monoxide alarm"", ""Bed linens"", ""Dining table"", ""Clothing storage: closet and wardrobe"", ""Fire extinguisher"", ""First aid kit"", ""TV with standard cable"", ""Private entrance"", ""Lockbox"", ""Shampoo"", ""Microwave"", ""Luggage dropoff allowed"", ""Body soap"", ""Smoke alarm"", ""Refrigerator"", ""Essentials"", ""Freezer"", ""Laundromat nearby"", ""Hangers"", ""Coffee maker"", ""Wine glasses"", ""Pets allowed"", ""Paid parking off premises"", ""Induction stove"", ""Free washer \u2013 In unit"", ""Heating"", ""Drying rack for clothing"", ""Shower gel"", ""Self check-in"", ""Iron"", ""High chair"", ""Long term stays allowed"", ""Pack \u2019n play/Travel crib - available upon request"", ""Cleaning products""]",$205.00,2026-04-22,2026-04-23,205.0,205.0,4.82,4.85,4.93,4.8,709,2420
327945,Downtown Lisbon - Sunny and central,"NEW SOUNDPROOF WINDOWS<br />VERY CENTRAL&SUNNY, 3rd FLOOR W/ ELEVATOR ON THE FIRST FLOOR. AIR CONDITIONING. WI-FI. EQUIPPED KITCHEN. ALL TRANSPORTS IN WALKING DISTANCE. RESTAURANTS, SHOPS, MAIN MONUMENTS, NIGHTLIFE ATTRACTIONS, FADO HOUSES, ALL VERY CLOSE",Santa Maria Maior,38.70943,-9.13722,Entire rental unit,Entire home/apt,2,1 bath,,,"[""Toaster"", ""Hot water"", ""Extra pillows and blankets"", ""Hair dryer"", ""Wifi"", ""Room-darkening shades"", ""Kitchen"", ""Hot water kettle"", ""Dishes and silverware"", ""Stove"", ""Bed linens"", ""Fire extinguisher"", ""First aid kit"", ""Lockbox"", ""Shampoo"", ""Microwave"", ""Refrigerator"", ""Elevator"", ""Essentials"", ""Hangers"", ""Dedicated workspace"", ""Coffee maker"", ""Heating"", ""Self check-in"", ""Iron"", ""Air conditioning"", ""Cooking basics""]",$106.50,2026-06-26,2026-06-28,213.0,106.5,4.83,4.89,4.95,4.81,705,2132
18613170,New! Lisbon 8 Building Cais de Sodre,"Lisbon 8 Building is located in Lisbon's modern district Cais do Sodre, inside a renovated historical building with exquisite decoration. <br /><br />The apartments offer free Wi-Fi and flat cable TV, with cozy and  modern decor. All apartments are windows. Apartments are equipped with well equipped kitchen, private bathroom and a large living room with sofa and flat panel TV.<br />Have very big food market downstairs.Its have hundery kinds wonderful food there.",Misericrdia,38.70754,-9.14626,Entire condo,Entire home/apt,5,1 bath,2.0,2.0,"[""Toaster"", ""Hot water"", ""Extra pillows and blankets"", ""Hair dryer"", ""Wifi"", ""Room-darkening shades"", ""Kitchen"", ""Dryer"", ""Central heating"", ""Smoking allowed"", ""Beach access \u2013 Beachfront"", ""Dishwasher"", ""Hot water kettle"", ""Dishes and silverware"", ""Stove"", ""Carbon monoxide alarm"", ""Bed linens"", ""Dining table"", ""Paid parking on premises"", ""Washer"", ""TV with standard cable"", ""Mini fridge"", ""Lockbox"", ""Shampoo"", ""Microwave"", ""Luggage dropoff allowed"", ""Body soap"", ""Smoke alarm"", ""Elevator"", ""Essentials"", ""Hangers"", ""Coffee maker"", ""Pets allowed"", ""Paid parking off premises"", ""Ethernet connection"", ""Drying rack for clothing"", ""Shower gel"", ""Self check-in"", ""Iron"", ""Long term stays allowed"", ""Cooking basics"", ""Clothing storage"", ""Central air conditioning"", ""Cleaning products""]",$183.00,2026-04-01,2026-04-02,183.0,183.0,4.91,4.9,4.94,4.83,696,2191
16646124,CENTRAL NEAR BAIRRO ALTO VERY TYPICAL HOUSEAL39200,"My space is near Bairro Alto, Miradouro de Santa Catarina, and Café A Brasileira. You will love my space because of the people, the environment, the outer zone, the neighborhood and the lighting. My space is good for couples, families (with kids), large groups.",Misericrdia,38.71035,-9.14817,Entire rental unit,Entire home/apt,5,1 bath,2.0,3.0,"[""Hot water"", ""Portable heater"", ""Hair dryer"", ""Wifi"", ""Room-darkening shades"", ""Portable fans"", ""Kitchen"", ""Pack \u2019n play/Travel crib"", ""Hot water kettle"", ""Trash compactor"", ""Dishes and silverware"", ""Carbon monoxide alarm"", ""Bed linens"", ""Dining table"", ""Fire extinguisher"", ""First aid kit"", ""TV with standard cable"", ""Outro gas stove"", ""Shampoo"", ""Microwave"", ""Smoke alarm"", ""Refrigerator"", ""Freezer"", ""Essentials"", ""Laundromat nearby"", ""Smart lock"", ""Hangers"", ""Ethernet connection"", ""Self check-in"", ""Shower gel"", ""Iron"", ""Paid parking lot off premises"", ""Cooking basics"", ""Clothing storage""]",$120.67,2026-04-09,2026-04-10,120.67,120.67,4.71,4.82,4.87,4.62,695,2394
6010795,Romantic attic in the center,"Romantic room in nice historic flat in the center of Lisboa's old town.Close to The metro , restaurants , museums , etc...  Good for a single traveller.",Misericrdia,38.71005,-9.14269,Private room in rental unit,Private room,1,1 shared bath,1.0,1.0,"[""Dishes and silverware"", ""Hot water"", ""Heating"", ""Wifi"", ""Fire extinguisher"", ""Smoke alarm"", ""Kitchen"", ""Refrigerator"", ""Essentials"", ""Coffee maker"", ""Dedicated workspace"", ""Lock on bedroom door""]",$70.00,2026-04-15,2026-04-16,70.0,70.0,4.84,4.82,4.96,4.88,695,2335
1773997,SURFBOARD APARTMENT - BY MAYORAL,"The concept of this apartment was born from your host’s passion: Surfing!! Present in the lobby ceiling you will even enjoy a vintage surfboard! Using carefully selected furnishings, reminding us of nature paired with contemporary elements, we created an explosion of colour in the living room.",Santa Maria Maior,38.71128,-9.12926,Entire rental unit,Entire home/apt,2,1 bath,1.0,1.0,"[""Toaster"", ""Hot water"", ""Extra pillows and blankets"", ""Portable heater"", ""Hair dryer"", ""Wifi"", ""Room-darkening shades"", ""Portable fans"", ""Kitchen"", ""Hot water kettle"", ""Dishes and silverware"", ""Bed linens"", ""Dining table"", ""Fire extinguisher"", ""Books and reading material"", ""First aid kit"", ""HDTV with standard cable"", ""Coffee maker: espresso machine"", ""Lockbox"", ""Shampoo"", ""Microwave"", ""Refrigerator"", ""Freezer"", ""Essentials"", ""Laundromat nearby"", ""Hangers"", ""Electric stove"", ""Wine glasses"", ""Free washer \u2013 In unit"", ""Exterior security cameras on property"", ""Ethernet connection"", ""Crib"", ""Drying rack for clothing"", ""Shower gel"", ""Self check-in"", ""Iron"", ""Long term stays allowed"", ""Paid parking lot off premises"", ""Pack \u2019n play/Travel crib - available upon request"", ""Cooking basics"", ""Clothing storage: closet"", ""Cleaning products""]",,2026-04-05,2026-04-07,,,4.65,4.62,4.8,4.64,692,1821
1106913,CHIADO STUDIO IV GREAT APARTMENT!,,Santa Maria Maior,38.71044,-9.13984,Entire rental unit,Entire home/apt,2,1 bath,,,"[""Private patio or balcony"", ""Hot water"", ""Hair dryer"", ""Wifi"", ""Kitchen"", ""Dishwasher"", ""Dishes and silverware"", ""Stove"", ""Carbon monoxide alarm"", ""Bed linens"", ""Fire extinguisher"", ""Washer"", ""First aid kit"", ""TV with standard cable"", ""Shampoo"", ""Microwave"", ""Smoke alarm"", ""Refrigerator"", ""Elevator"", ""Essentials"", ""Hangers"", ""Coffee maker"", ""Heating"", ""Shower gel"", ""Iron"", ""Air conditioning"", ""Cooking basics""]",,,,,,4.93,4.94,4.98,4.88,689,2266
9474227,Luminoso Apartamento na Sé,"A bright renovated apartment located in the historic center, next to Lisbon Cathedral on a restricted traffic street, at the entrance to Alfama. Close to museums, cafes, restaurants and shops. You can easily get around the city on foot or by transport",Santa Maria Maior,38.70993,-9.13247,Entire rental unit,Entire home/apt,5,1 bath,2.0,,"[""Hot water"", ""Oven"", ""Hair dryer"", ""Wifi"", ""Kitchen"", ""Pack \u2019n play/Travel crib"", ""Dishes and silverware"", ""Baby bath"", ""Stove"", ""Fire extinguisher"", ""Washer"", ""First aid kit"", ""TV with standard cable"", ""Lockbox"", ""Microwave"", ""Smoke alarm"", ""Refrigerator"", ""Essentials"", ""Children\u2019s books and toys"", ""Beach essentials"", ""Hangers"", ""Coffee maker"", ""Crib"", ""Heating"", ""Self check-in"", ""Iron"", ""High chair"", ""Cooking basics""]",$172.00,2026-04-07,2026-04-08,172.0,172.0,4.85,4.91,4.94,4.86,683,1929
5360038,Alfama Blue House II (River View),"Alfama Blue House I & II are small and charming apartments in Alfama, the oldest neighborhood of Lisbon.<br /><br />They are located a few steps away from Miradouro Santa Lúzia and near São Jorge Castle. The tram 28 is just a 2-minute walk from the flats.",So Vicente,38.71284,-9.12899,Entire rental unit,Entire home/apt,2,1 bath,1.0,2.0,"[""Private patio or balcony"", ""Hot water"", ""Oven"", ""Hair dryer"", ""Wifi"", ""Kitchen"", ""Dishes and silverware"", ""River view"", ""Stove"", ""Bed linens"", ""Fire extinguisher"", ""First aid kit"", ""HDTV with standard cable"", ""Microwave"", ""Smoke alarm"", ""Refrigerator"", ""Essentials"", ""Hangers"", ""Coffee maker"", ""Heating"", ""Iron"", ""Cooking basics"", ""Central air conditioning""]",$110.31,2026-04-12,2026-04-15,330.94,110.31,4.89,4.96,4.92,4.84,681,1868
925301,Apartamento Mouraria Guesthouse - Room 3,"Private bedroom in a genuinely portuguese, shared apartment. The welcoming Mouraria Guesthouse is located in the historic Mouraria neighbourhood in Lisbon, just a short walk from the central Rossio Square. The Guesthouse occupies a charming 18th-century building and offers 4 pretty double rooms.",Santa Maria Maior,38.716434,-9.133377,Private room in rental unit,Private room,2,2 shared baths,1.0,1.0,"[""Paid washer \u2013 In unit"", ""Hot water"", ""Extra pillows and blankets"", ""Hair dryer"", ""Conditioner"", ""Room-darkening shades"", ""Portable fans"", ""Kitchen"", ""Bidet"", ""Smoking allowed"", ""Hot water kettle"", ""Dishes and silverware"", ""Fast wifi \u2013 211 Mbps"", ""Stove"", ""Bed linens"", ""Dining table"", ""Clothing storage: walk-in closet"", ""Fire extinguisher"", ""Coffee"", ""Radiant heating"", ""Lockbox"", ""Shampoo"", ""Microwave"", ""Luggage dropoff allowed"", ""Coffee maker: french press"", ""Body soap"", ""Refrigerator"", ""Freezer"", ""Essentials"", ""Paid street parking off premises"", ""Hangers"", ""Wine glasses"", ""Pets allowed"", ""Bathtub"", ""Lock on bedroom door"", ""Crib"", ""Self check-in"", ""Shower gel"", ""Iron"", ""Free street parking"", ""Long term stays allowed"", ""Cooking basics"", ""Cleaning products""]",$54.00,2026-05-04,2026-05-05,54.0,54.0,4.41,4.43,4.53,4.54,679,2257
13429640,Room in the art's house/ private bathroom/terrace,"the ideal place to spend your holidays or business travels. the silence of the neighboorhood and the ideal terrace for your breakfast.<br />near the center, with a train and metro station near by.<br />very near the airport, 10 min by taxi, 15 by underground.",Areeiro,38.74362,-9.13539,Private room in rental unit,Private room,2,1 private bath,1.0,1.0,"[""Toaster"", ""Private patio or balcony"", ""Hot water"", ""Extra pillows and blankets"", ""Oven"", ""Hair dryer"", ""Room-darkening shades"", ""Portable fans"", ""Kitchen"", ""Dishwasher"", ""Hot water kettle"", ""Dishes and silverware"", ""Baking sheet"", ""Stove"", ""Bed linens"", ""Blender"", ""Dining table"", ""Books and reading material"", ""Host greets you"", ""Outdoor dining area"", ""Coffee"", ""Washer"", ""First aid kit"", ""TV with standard cable"", ""Outdoor furniture"", ""Shampoo"", ""Piano"", ""Microwave"", ""Luggage dropoff allowed"", ""Body soap"", ""Refrigerator"", ""Freezer"", ""Essentials"", ""Laundromat nearby"", ""Paid street parking off premises"", ""Hangers"", ""Dedicated workspace"", ""Coffee maker"", ""Wine glasses"", ""Lock on bedroom door"", ""Ethernet connection"", ""Drying rack for clothing"", ""Shower gel"", ""Fast wifi \u2013 487 Mbps"", ""Iron"", ""Cooking basics"", ""Clothing storage: closet"", ""Cleaning products""]",$63.00,2026-03-29,2026-03-30,63.0,63.0,4.77,4.81,4.69,4.74,678,987
10402101,Trendy Romantic Getaway Loft in the Lisbon heart,"Stylish and romantic loft, in the heart of Baixa is perfect for a city break. This fully renovated loft is near Praça da Figueira square is right in the middle of the Lisbon central neighborhood.<br />In this stunning location, you will breathe Portuguese way of life and enjoy city culture and tradition as a Lisbon native. At Lisbon’s downtown, you will be near to everything that will make your stay in Lisbon an unforgettable experience...Lisbon is an exciting city, full of life, color and sunlight.",Santa Maria Maior,38.71271,-9.13766,Entire rental unit,Entire home/apt,3,1 bath,1.0,2.0,"[""Hot water"", ""Extra pillows and blankets"", ""Oven"", ""Hair dryer"", ""Wifi"", ""Kitchen"", ""Dryer"", ""Pack \u2019n play/Travel crib"", ""Dishwasher"", ""Dishes and silverware"", ""Stove"", ""Carbon monoxide alarm"", ""Bed linens"", ""Fire extinguisher"", ""Paid parking on premises"", ""Washer"", ""First aid kit"", ""TV with standard cable"", ""Shampoo"", ""Microwave"", ""Luggage dropoff allowed"", ""Smoke alarm"", ""Refrigerator"", ""Smart lock"", ""Essentials"", ""Children\u2019s books and toys"", ""Hangers"", ""Coffee maker"", ""Pets allowed"", ""Crib"", ""Heating"", ""Self check-in"", ""Shower gel"", ""Patio or balcony"", ""Iron"", ""High chair"", ""Long term stays allowed"", ""Air conditioning"", ""Cooking basics""]",$102.50,2026-04-08,2026-04-10,205.0,102.5,4.82,4.9,4.98,4.81,676,2297